{
  "project_info": {
    "project_number": "528416640153",
    "project_id": "translator-app-a3ccf",
    "storage_bucket": "translator-app-a3ccf.appspot.com"
  },
  "client": [
    {
      "client_info": {
        "mobilesdk_app_id": "1:528416640153:android:65be68c8f0f926212a7c08",
        "android_client_info": {
          "package_name": "com.sree.languagetranslatorapp"
        }
      },
      "oauth_client": [
        {
          "client_id": "528416640153-42ddrntd0f8bbefllu5vfa4b95h0m6hq.apps.googleusercontent.com",
          "client_type": 3
        }
      ],
      "api_key": [
        {
          "current_key": "AIzaSyBOup_TkXKsP-dlJs-4v8GzQVD9UD3gTw0"
        }
      ],
      "services": {
        "appinvite_service": {
          "other_platform_oauth_client": [
            {
              "client_id": "528416640153-42ddrntd0f8bbefllu5vfa4b95h0m6hq.apps.googleusercontent.com",
              "client_type": 3
            }
          ]
        }
      }
    }
  ],
  "configuration_version": "1"
}